Year,Month,Day,Hour,Temperature  [2 m above gnd],Relative Humidity  [2 m above gnd],Mean Sea Level Pressure  [MSL],Total Precipitation (high resolution)  [sfc],Total Precipitation (low resolution)  [sfc],Snowfall Amount (high resolution)  [sfc],Snowfall Amount (low resolution)  [sfc],Total Cloud Cover  [sfc],High Cloud Cover  [high cld lay],Medium Cloud Cover  [mid cld lay],Low Cloud Cover  [low cld lay],Sunshine Duration  [sfc],Shortwave Radiation  [sfc],Wind Speed  [10 m above gnd],Wind Direction  [10 m above gnd],Wind Speed  [80 m above gnd],Wind Direction  [80 m above gnd],Wind Speed  [900 mb],Wind Direction  [900 mb],Wind Gust  [sfc],PrevTemp
2019,03,14,00,1.86,93.00,1002.00,0.00,0.00,0.00,0.00,100.00,0.00,45.00,100.00,-999.00,0.00,19.16,174.61,23.78,177.40,31.90,249.52,23.76,
2019,03,14,01,1.86,94.00,1002.20,0.00,0.00,0.00,0.00,100.00,0.00,0.00,100.00,0.00,0.00,18.18,172.03,22.75,175.46,30.49,247.07,23.40,
2019,03,14,02,1.90,94.00,1001.80,0.00,0.00,0.00,0.00,100.00,0.00,0.00,100.00,0.00,0.00,17.08,161.57,22.45,164.18,33.23,219.73,26.28,
2019,03,14,03,1.87,94.00,1001.60,0.00,0.00,0.00,0.00,100.00,0.00,0.00,100.00,0.00,0.00,18.19,152.93,24.16,155.34,34.70,216.99,22.32,
2019,03,14,04,1.66,95.00,1000.60,0.00,0.00,0.00,0.00,100.00,4.00,2.00,100.00,0.00,0.00,20.47,145.75,26.98,148.64,34.14,207.65,31.32,
2019,03,14,05,1.35,95.00,1000.20,0.00,0.00,0.00,0.00,11.00,9.00,11.00,7.00,0.00,0.00,21.47,145.24,29.57,148.44,36.16,192.65,25.92,
2019,03,14,06,1.05,95.00,999.80,0.00,0.00,0.00,0.00,18.00,15.00,18.00,6.00,0.00,0.00,23.98,144.16,32.86,147.53,41.12,183.51,32.04,
2019,03,14,07,0.79,96.00,998.70,0.00,0.00,0.00,0.00,100.00,15.00,53.00,100.00,0.00,0.00,25.70,142.97,33.95,145.80,45.02,181.83,34.56,
2019,03,14,08,0.72,96.00,998.00,0.00,0.00,0.00,0.00,100.00,10.00,55.00,100.00,0.00,0.89,26.07,144.55,34.85,146.80,49.70,178.34,36.00,
2019,03,14,09,1.53,94.00,997.10,0.00,0.00,0.00,0.00,100.00,0.00,75.00,100.00,0.00,65.86,26.96,145.89,34.46,147.80,54.73,178.87,37.08,
2019,03,14,10,2.89,86.00,997.10,0.00,0.00,0.00,0.00,100.00,1.00,100.00,100.00,0.00,150.41,28.82,152.47,34.94,153.70,58.36,182.12,36.00,
2019,03,14,11,4.73,77.00,996.70,0.00,0.00,0.00,0.00,29.00,9.00,29.00,0.00,0.00,329.30,28.04,155.74,32.57,156.55,69.06,185.38,39.96,
2019,03,14,12,5.96,72.00,995.60,0.00,0.00,0.00,0.00,11.00,13.00,11.00,0.00,41.49,428.98,29.50,156.25,33.23,157.05,71.32,186.08,42.84,
2019,03,14,13,7.14,68.00,994.80,0.00,0.00,0.00,0.00,48.00,18.00,18.00,48.00,52.98,482.38,32.90,162.16,37.24,163.14,60.69,184.76,40.68,
2019,03,14,14,7.69,65.00,994.50,0.00,0.00,0.00,0.00,10.00,10.00,9.00,10.00,29.36,393.38,34.40,166.69,38.70,167.64,58.69,178.95,43.92,
2019,03,14,15,8.64,60.00,995.50,0.00,0.00,0.00,0.00,60.00,20.00,60.00,10.00,53.62,447.67,30.41,163.50,35.81,164.85,51.09,173.53,39.96,
2019,03,14,16,8.99,57.00,994.90,0.00,0.00,0.00,0.00,24.00,15.00,24.00,10.00,21.70,419.19,30.82,165.80,36.94,167.05,51.08,170.67,40.68,
2019,03,14,17,7.62,67.00,994.40,0.00,0.20,0.00,0.00,100.00,14.00,100.00,100.00,44.68,191.35,29.38,172.96,36.62,173.22,53.15,171.43,39.24,
2019,03,14,18,7.56,72.00,993.50,0.50,0.00,0.00,0.00,100.00,16.00,72.00,100.00,0.00,77.43,28.00,171.87,35.14,173.53,58.72,177.89,41.04,
2019,03,14,19,6.25,82.00,993.90,0.20,0.20,0.00,0.00,100.00,21.00,100.00,100.00,0.00,51.62,27.40,183.01,34.32,184.81,57.02,195.00,36.36,
2019,03,14,20,5.71,84.00,993.60,0.00,0.10,0.00,0.00,100.00,17.00,100.00,100.00,0.00,2.67,26.28,180.00,33.49,181.23,55.57,204.90,32.40,
2019,03,14,21,5.44,85.00,993.50,0.10,0.10,0.00,0.00,100.00,0.00,100.00,100.00,0.00,0.00,23.86,191.31,31.17,194.04,54.79,209.09,30.96,
2019,03,14,22,5.08,85.00,994.60,0.00,0.00,0.00,0.00,100.00,0.00,62.00,100.00,0.00,0.00,23.57,198.71,30.76,200.56,44.33,214.08,29.88,
2019,03,14,23,3.75,81.00,994.80,0.00,0.00,0.00,0.00,100.00,0.00,57.00,100.00,0.00,0.00,24.15,206.57,30.43,207.47,43.02,224.66,30.24,
2019,03,15,00,2.15,85.00,995.40,0.00,0.00,0.00,0.00,0.00,0.00,0.00,0.00,0.00,0.00,21.75,204.44,28.17,206.57,47.93,235.71,29.52,
2019,03,15,01,1.16,90.00,996.00,0.00,0.00,0.00,0.00,20.00,0.00,0.00,20.00,0.00,0.00,20.19,191.31,26.72,194.04,49.76,234.13,28.80,
2019,03,15,02,1.21,93.00,995.60,0.00,0.00,0.00,0.00,100.00,0.00,0.00,100.00,0.00,0.00,19.13,184.32,23.54,186.15,52.83,229.14,28.08,
2019,03,15,03,1.40,93.00,995.70,0.00,0.00,0.00,0.00,100.00,0.00,0.00,100.00,0.00,0.00,14.69,168.69,20.28,173.88,48.05,209.64,31.68,
2019,03,15,04,0.61,94.00,995.20,0.00,0.00,0.00,0.00,100.00,10.00,100.00,100.00,0.00,0.00,15.35,140.71,25.99,149.17,43.67,209.10,23.76,
2019,03,15,05,1.08,95.00,994.80,0.00,0.00,0.00,0.00,33.00,10.00,8.00,33.00,0.00,0.00,18.19,152.93,28.02,159.70,44.78,204.71,36.00,
2019,03,15,06,0.84,94.00,994.70,0.00,0.00,0.00,0.00,31.00,11.00,20.00,31.00,0.00,0.00,19.19,156.80,29.38,162.90,42.55,203.96,29.16,
2019,03,15,07,1.64,90.00,994.30,0.00,0.00,0.00,0.00,73.00,16.00,64.00,73.00,0.00,0.00,18.58,158.40,26.18,161.57,41.10,197.32,27.72,
2019,03,15,08,1.49,90.00,994.30,0.00,0.00,0.00,0.00,100.00,18.00,49.00,100.00,4.88,2.67,18.84,153.92,28.41,157.66,40.78,193.79,30.24,
2019,03,15,09,2.67,85.00,994.00,0.00,0.00,0.00,0.00,21.00,14.00,21.00,0.00,0.00,93.45,20.12,153.43,27.06,154.80,43.68,184.25,34.92,
2019,03,15,10,3.79,80.00,993.80,0.00,0.00,0.00,0.00,37.00,16.00,37.00,4.00,46.60,229.62,20.63,150.75,25.28,151.98,51.12,180.00,32.76,
2019,03,15,11,5.64,73.00,993.90,0.00,0.00,0.00,0.00,41.00,17.00,41.00,0.00,36.38,342.65,21.92,150.49,26.26,151.33,58.32,179.65,32.76,
2019,03,15,12,7.25,68.00,993.10,0.00,0.00,0.00,0.00,47.00,22.00,47.00,5.00,33.83,431.65,24.63,153.06,28.82,154.08,58.07,183.55,34.56,
2019,03,15,13,8.59,64.00,992.80,0.00,0.00,0.00,0.00,100.00,35.00,74.00,100.00,30.00,471.70,25.84,161.31,29.83,162.44,60.15,181.71,38.88,
2019,03,15,14,9.08,62.00,992.70,0.10,0.10,0.00,0.00,100.00,100.00,100.00,100.00,0.00,314.17,28.55,156.99,33.76,158.09,55.55,172.55,38.52,
2019,03,15,15,9.26,62.00,995.00,0.00,0.00,0.00,0.00,100.00,33.00,100.00,0.00,0.00,488.61,26.25,154.84,29.64,155.61,42.02,173.61,32.04,
2019,03,15,16,8.84,62.00,994.00,0.00,0.00,0.00,0.00,100.00,34.00,100.00,50.00,0.00,253.65,24.97,155.28,30.16,156.80,40.31,162.86,32.04,
2019,03,15,17,9.15,58.00,993.50,0.00,0.00,0.00,0.00,100.00,31.00,100.00,100.00,0.00,202.92,27.38,155.12,32.71,155.97,45.21,159.98,33.84,
2019,03,15,18,8.15,65.00,992.90,0.10,0.00,0.00,0.00,100.00,33.00,100.00,100.00,0.00,110.36,27.21,154.11,34.15,155.06,48.65,155.52,36.00,
2019,03,15,19,7.02,77.00,992.00,0.40,0.10,0.00,0.00,100.00,32.00,100.00,100.00,0.00,32.93,23.04,151.03,29.80,151.89,53.29,153.95,32.76,
2019,03,15,20,6.24,87.00,991.50,0.50,0.20,0.00,0.00,100.00,25.00,100.00,100.00,0.00,1.78,22.13,158.03,29.16,159.78,55.58,169.93,31.68,
2019,03,15,21,6.07,88.00,990.80,0.50,0.40,0.00,0.00,100.00,19.00,100.00,100.00,0.00,0.00,20.73,159.68,26.53,161.81,48.72,188.07,27.72,
2019,03,15,22,5.82,90.00,990.10,0.10,0.50,0.00,0.00,100.00,3.00,100.00,100.00,0.00,0.00,20.95,160.94,27.10,163.01,50.55,190.67,29.52,
2019,03,15,23,5.60,91.00,989.40,0.10,0.30,0.00,0.00,100.00,25.00,100.00,100.00,0.00,0.00,19.65,171.57,25.36,173.48,43.19,201.00,25.20,
2019,03,16,00,5.39,90.00,988.90,0.20,0.20,0.00,0.00,100.00,31.00,100.00,100.00,0.00,0.00,18.58,171.09,24.29,173.19,42.14,199.98,24.84,
2019,03,16,01,5.12,90.00,987.80,0.30,0.10,0.00,0.00,100.00,30.00,100.00,100.00,0.00,0.00,18.33,160.50,24.48,162.90,43.03,199.04,25.92,
2019,03,16,02,4.87,93.00,987.10,0.40,0.10,0.00,0.00,100.00,44.00,100.00,100.00,0.00,0.00,17.81,165.96,23.51,168.52,42.18,201.53,24.48,
2019,03,16,03,4.75,94.00,986.60,0.40,0.20,0.00,0.00,100.00,75.00,100.00,100.00,0.00,0.00,15.04,158.96,20.15,161.24,27.10,196.99,19.80,
2019,03,16,04,4.61,95.00,985.80,0.00,0.20,0.00,0.00,100.00,58.00,100.00,100.00,0.00,0.00,13.32,141.58,19.17,145.71,29.17,178.59,18.72,
2019,03,16,05,4.58,95.00,985.40,0.00,0.20,0.00,0.00,100.00,51.00,39.00,100.00,0.00,0.00,13.25,137.20,18.95,141.17,29.54,177.90,18.00,
2019,03,16,06,4.57,95.00,985.40,0.00,0.20,0.00,0.00,100.00,32.00,100.00,100.00,0.00,0.00,12.60,143.13,17.17,146.98,23.50,185.27,15.12,
2019,03,16,07,4.43,96.00,985.20,0.10,0.00,0.00,0.00,100.00,25.00,99.00,100.00,0.00,0.00,9.69,148.67,14.17,152.78,14.81,205.94,10.08,
2019,03,16,08,4.33,97.00,984.90,0.40,0.00,0.00,0.00,100.00,28.00,100.00,100.00,0.00,0.89,6.79,147.99,11.44,155.85,9.79,233.97,7.56,
2019,03,16,09,4.69,95.00,985.30,0.70,0.00,0.00,0.00,100.00,35.00,100.00,100.00,0.00,36.49,5.40,143.13,7.59,148.57,10.14,253.50,7.92,
2019,03,16,10,5.40,92.00,986.20,0.60,0.00,0.00,0.00,100.00,89.00,100.00,100.00,0.00,106.80,4.20,149.04,3.89,146.31,9.03,265.43,5.76,
2019,03,16,11,5.85,91.00,986.50,0.40,0.00,0.00,0.00,100.00,100.00,100.00,100.00,0.00,133.50,0.80,243.43,0.51,225.00,7.10,300.47,2.52,
2019,03,16,12,6.30,89.00,986.90,0.30,0.00,0.00,0.00,100.00,100.00,100.00,100.00,0.00,152.19,6.62,315.00,6.62,315.00,9.93,316.47,7.56,
2019,03,16,13,6.34,87.00,987.70,0.10,0.00,0.00,0.00,100.00,85.00,100.00,100.00,0.00,209.15,11.81,322.43,12.31,322.13,13.90,323.43,12.60,
2019,03,16,14,6.42,83.00,988.40,0.00,0.00,0.00,0.00,100.00,63.00,100.00,75.00,0.00,364.90,12.41,330.46,12.41,330.46,17.31,315.00,14.04,
2019,03,16,15,5.63,80.00,990.50,0.10,0.20,0.00,0.00,100.00,1.00,46.00,100.00,0.00,380.03,19.86,315.00,22.15,315.66,18.00,323.13,20.52,
2019,03,16,16,5.54,81.00,991.20,0.10,0.10,0.00,0.00,100.00,0.00,5.00,100.00,0.00,364.90,19.17,320.33,21.48,320.44,25.98,312.75,24.12,
2019,03,16,17,4.97,83.00,992.10,0.00,0.00,0.00,0.00,20.00,0.00,0.00,20.00,0.00,342.65,17.58,325.01,19.88,324.58,32.77,305.61,25.20,
2019,03,16,18,3.60,85.00,993.20,0.00,0.00,0.00,0.00,100.00,0.00,0.00,100.00,47.23,231.40,16.38,326.66,18.67,326.00,34.98,293.66,26.64,
2019,03,16,19,2.68,88.00,994.00,0.00,0.00,0.00,0.00,100.00,0.00,0.00,100.00,0.00,48.06,14.69,323.97,18.22,322.22,34.63,290.70,27.72,
2019,03,16,20,2.16,89.00,995.10,0.00,0.00,0.00,0.00,100.00,0.00,0.00,100.00,0.00,4.45,14.26,312.95,17.61,310.86,34.84,283.75,19.08,
2019,03,16,21,2.32,88.00,995.80,0.00,0.00,0.00,0.00,100.00,0.00,0.00,100.00,0.00,0.00,15.38,290.56,21.19,290.90,33.18,285.09,20.52,
2019,03,16,22,1.70,88.00,996.80,0.00,0.00,0.00,0.00,100.00,0.00,0.00,100.00,0.00,0.00,19.14,286.39,23.24,286.19,30.16,293.20,21.96,
2019,03,16,23,0.99,91.00,997.60,0.00,0.00,0.00,0.00,100.00,0.00,0.00,100.00,0.00,0.00,17.06,277.28,20.77,278.97,28.99,298.16,21.24,
2019,03,17,00,0.59,91.00,998.10,0.00,0.10,0.00,0.07,100.00,0.00,0.00,100.00,0.00,0.00,21.67,265.24,22.42,264.47,28.89,300.72,23.40,
2019,03,17,01,0.31,91.00,998.60,0.00,0.00,0.00,0.00,100.00,0.00,0.00,100.00,0.00,0.00,20.99,264.09,22.03,265.31,29.48,298.44,24.12,
2019,03,17,02,0.19,92.00,999.30,0.00,0.00,0.00,0.00,100.00,0.00,0.00,100.00,0.00,0.00,18.23,260.91,18.94,261.25,32.20,296.57,21.60,
2019,03,17,03,0.05,93.00,999.60,0.00,0.00,0.00,0.00,100.00,0.00,0.00,100.00,0.00,0.00,15.04,248.96,16.06,250.35,34.45,296.03,20.16,
2019,03,17,04,-0.19,94.00,999.50,0.00,0.00,0.00,0.00,100.00,10.00,0.00,100.00,0.00,0.00,15.55,227.82,17.10,229.27,33.03,290.41,20.52,
2019,03,17,05,-0.52,94.00,1000.00,0.00,0.00,0.00,0.00,100.00,10.00,0.00,100.00,0.00,0.00,17.97,212.74,19.77,213.11,28.95,280.75,15.12,
2019,03,17,06,-0.81,94.00,1000.00,0.00,0.00,0.00,0.00,100.00,0.00,0.00,100.00,0.00,0.00,17.21,195.78,18.90,197.74,23.05,271.79,15.12,
2019,03,17,07,-0.81,94.00,999.90,0.00,0.00,0.00,0.00,100.00,18.00,35.00,100.00,0.00,0.00,18.06,184.57,20.32,187.13,17.38,256.83,18.00,
2019,03,17,08,-0.51,94.00,999.50,0.00,0.00,0.00,0.00,100.00,15.00,48.00,100.00,0.00,2.67,21.61,169.44,24.74,171.63,14.57,219.99,20.52,
2019,03,17,09,0.54,94.00,999.10,0.00,0.00,0.00,0.00,100.00,3.00,60.00,100.00,0.00,45.39,23.89,173.95,27.06,176.19,21.22,194.74,24.48,
2019,03,17,10,1.78,91.00,999.80,0.00,0.00,0.00,0.00,100.00,25.00,100.00,100.00,0.00,112.14,27.02,182.29,28.86,183.58,30.45,186.79,28.44,
2019,03,17,11,3.64,78.00,999.50,0.00,0.00,0.00,0.00,100.00,96.00,100.00,100.00,0.00,281.24,30.27,177.27,31.35,177.37,39.12,186.34,33.48,
2019,03,17,12,3.97,76.00,998.50,0.00,0.00,0.00,0.00,100.00,24.00,100.00,100.00,0.00,286.58,33.09,171.87,34.57,171.62,40.26,195.03,35.28,
2019,03,17,13,4.84,73.00,998.30,0.00,0.00,0.00,0.00,100.00,38.00,100.00,100.00,0.00,237.63,36.41,165.69,37.89,165.70,41.30,194.64,37.80,
2019,03,17,14,6.75,68.00,997.60,0.00,0.00,0.00,0.00,100.00,100.00,100.00,60.00,0.00,403.17,40.24,158.48,42.18,158.47,51.86,181.59,43.56,
2019,03,17,15,7.44,73.00,998.80,0.00,0.10,0.00,0.00,100.00,100.00,100.00,100.00,0.00,228.73,32.31,165.81,39.13,167.24,62.84,191.57,39.24,
2019,03,17,16,7.45,76.00,997.70,0.00,0.10,0.00,0.00,100.00,100.00,100.00,100.00,0.00,190.46,31.14,169.34,37.94,170.72,59.90,193.20,38.88,
2019,03,17,17,7.47,79.00,997.20,0.00,0.10,0.00,0.00,100.00,100.00,100.00,100.00,0.00,124.60,29.44,168.00,36.29,169.14,57.63,202.40,38.52,
2019,03,17,18,8.19,78.00,997.10,0.00,0.00,0.00,0.00,100.00,100.00,100.00,100.00,0.00,137.06,28.64,165.44,35.11,166.96,62.71,201.56,39.60,
2019,03,17,19,8.42,80.00,996.70,0.00,0.00,0.00,0.00,100.00,100.00,100.00,100.00,0.00,63.19,28.04,164.36,35.89,166.66,70.91,192.91,39.24,
2019,03,17,20,8.45,83.00,996.10,0.10,0.00,0.00,0.00,100.00,100.00,100.00,100.00,0.00,2.67,28.64,165.44,37.21,167.71,72.15,195.63,39.60,
2019,03,17,21,8.41,86.00,996.30,0.10,0.00,0.00,0.00,100.00,100.00,100.00,100.00,0.00,0.00,29.37,168.69,37.94,170.72,75.42,200.68,42.48,
2019,03,17,22,8.28,87.00,995.70,0.10,0.10,0.00,0.00,100.00,100.00,100.00,100.00,0.00,0.00,27.11,169.29,35.75,170.73,75.34,201.29,42.12,
2019,03,17,23,8.41,86.00,995.30,0.30,0.20,0.00,0.00,100.00,38.00,100.00,100.00,0.00,0.00,28.66,168.41,37.23,170.54,73.75,205.44,39.24,
2019,03,18,00,8.28,86.00,995.30,0.20,0.30,0.00,0.00,100.00,37.00,44.00,100.00,0.00,0.00,26.76,169.14,34.98,171.12,66.74,211.55,39.60,
2019,03,18,01,7.89,88.00,994.60,0.20,0.30,0.00,0.00,100.00,100.00,100.00,0.00,0.00,0.00,23.86,168.69,32.14,170.33,62.44,215.61,37.80,
2019,03,18,02,7.97,89.00,995.70,0.60,0.60,0.00,0.00,100.00,100.00,100.00,100.00,0.00,0.00,21.90,189.46,29.44,192.00,57.61,228.04,34.56,
2019,03,18,03,6.99,93.00,996.90,0.50,0.50,0.00,0.00,100.00,0.00,100.00,100.00,0.00,0.00,22.61,256.18,28.41,261.25,26.67,248.63,30.24,
2019,03,18,04,4.54,83.00,996.80,0.00,0.30,0.00,0.00,100.00,0.00,100.00,100.00,0.00,0.00,17.17,236.98,22.57,236.06,45.88,243.43,30.96,
2019,03,18,05,3.77,85.00,997.70,0.00,0.40,0.00,0.00,58.00,0.00,58.00,0.00,0.00,0.00,18.00,216.87,25.77,221.04,49.68,249.20,29.52,
2019,03,18,06,3.47,85.00,998.60,0.00,0.10,0.00,0.00,15.00,0.00,15.00,0.00,0.00,0.00,21.43,209.15,28.96,212.31,55.87,238.97,31.32,
2019,03,18,07,3.26,85.00,998.50,0.00,0.00,0.00,0.00,99.00,0.00,99.00,0.00,0.00,0.00,20.39,200.67,27.71,204.57,59.34,240.17,32.40,
2019,03,18,08,3.28,86.00,998.90,0.00,0.00,0.00,0.00,100.00,0.00,100.00,0.00,0.00,2.67,21.61,190.56,29.08,195.07,56.93,229.36,32.40,
2019,03,18,09,3.66,85.00,998.20,0.00,0.00,0.00,0.00,100.00,9.00,100.00,71.00,0.00,42.72,21.61,190.56,27.85,194.22,56.27,223.70,30.96,
2019,03,18,10,3.99,84.00,999.20,0.00,0.00,0.00,0.00,100.00,9.00,100.00,42.00,0.00,49.84,22.78,185.44,30.19,188.23,63.58,216.48,35.28,
2019,03,18,11,5.54,79.00,999.50,0.00,0.00,0.00,0.00,100.00,0.00,100.00,0.00,0.00,173.55,26.34,183.92,32.20,185.77,62.32,212.50,37.80,
2019,03,18,12,6.80,70.00,998.80,0.00,0.00,0.00,0.00,100.00,0.00,100.00,10.00,0.00,353.33,28.27,186.58,33.50,188.65,60.52,212.37,39.96,
2019,03,18,13,7.97,58.00,998.70,0.00,0.00,0.00,0.00,100.00,0.00,100.00,10.00,0.00,461.91,30.72,190.12,36.01,191.53,49.98,199.35,43.92,
2019,03,18,14,8.10,54.00,999.90,0.00,0.00,0.00,0.00,34.00,0.00,0.00,34.00,0.00,443.22,32.23,200.26,38.98,201.11,53.18,203.96,46.44,
2019,03,18,15,9.46,47.00,1001.50,0.00,0.00,0.00,0.00,10.00,0.00,0.00,10.00,38.30,485.05,32.57,203.45,37.87,204.13,50.56,207.11,43.56,
2019,03,18,16,8.80,49.00,1001.80,0.00,0.00,0.00,0.00,38.00,0.00,10.00,38.00,53.62,343.54,31.49,210.96,37.66,211.72,51.74,211.92,43.92,
2019,03,18,17,8.11,54.00,1002.20,0.00,0.00,0.00,0.00,10.00,0.00,0.00,10.00,35.74,117.48,30.47,215.38,36.87,215.86,51.85,215.68,42.84,
2019,03,18,18,7.57,57.00,1002.40,0.00,0.00,0.00,0.00,10.00,0.00,0.00,10.00,53.62,188.68,30.99,210.74,37.97,211.43,56.13,212.16,43.92,
2019,03,18,19,6.64,60.00,1003.10,0.00,0.00,0.00,0.00,0.00,0.00,0.00,0.00,53.62,114.81,28.04,204.26,35.43,205.26,57.61,210.41,41.04,
2019,03,18,20,5.63,65.00,1003.30,0.00,0.00,0.00,0.00,0.00,0.00,0.00,0.00,33.55,10.68,25.07,195.83,33.24,197.65,63.16,211.24,39.24,
2019,03,18,21,5.36,66.00,1002.60,0.00,0.00,0.00,0.00,46.00,0.00,10.00,46.00,0.00,0.00,25.10,188.25,32.97,190.70,69.79,209.34,38.88,
2019,03,18,22,5.05,69.00,1003.50,0.00,0.00,0.00,0.00,100.00,0.00,100.00,100.00,0.00,0.00,23.81,200.35,31.15,202.42,70.07,210.91,41.04,
2019,03,18,23,3.71,84.00,1003.50,0.00,0.00,0.00,0.00,77.00,0.00,39.00,77.00,0.00,0.00,26.90,195.52,33.48,196.88,66.96,226.09,41.04,
2019,03,19,00,3.14,87.00,1003.50,0.00,0.00,0.00,0.00,100.00,0.00,3.00,100.00,0.00,0.00,25.85,192.88,34.07,195.95,77.82,228.94,42.84,
2019,03,19,01,3.42,86.00,1003.80,0.00,0.00,0.00,0.00,71.00,0.00,0.00,71.00,0.00,0.00,26.55,195.73,34.49,198.25,71.73,229.27,40.32,
2019,03,19,02,3.45,86.00,1003.50,0.00,0.00,0.00,0.00,100.00,0.00,0.00,100.00,0.00,0.00,25.73,197.93,33.16,200.99,66.62,231.58,38.16,
2019,03,19,03,3.60,85.00,1003.80,0.00,0.00,0.00,0.00,100.00,0.00,0.00,100.00,0.00,0.00,26.67,201.37,34.32,204.15,68.18,229.50,41.04,
2019,03,19,04,3.54,84.00,1004.50,0.00,0.00,0.00,0.00,100.00,0.00,0.00,100.00,0.00,0.00,27.09,203.50,34.78,205.77,66.65,229.60,37.80,
2019,03,19,05,3.23,84.00,1004.70,0.00,0.00,0.00,0.00,100.00,0.00,0.00,100.00,0.00,0.00,27.21,207.58,34.34,209.52,59.43,234.87,34.92,
2019,03,19,06,3.01,85.00,1004.90,0.00,0.00,0.00,0.00,100.00,0.00,4.00,100.00,0.00,0.00,25.77,208.35,32.42,209.98,53.23,239.97,36.72,
2019,03,19,07,2.88,86.00,1005.70,0.00,0.10,0.00,0.00,100.00,0.00,63.00,100.00,0.00,0.00,24.20,210.38,30.46,212.94,59.83,240.04,34.20,
2019,03,19,08,2.72,86.00,1005.90,0.00,0.30,0.00,0.00,100.00,0.00,69.00,100.00,0.00,5.34,23.90,217.04,29.97,218.66,53.45,242.74,31.32,
2019,03,19,09,2.68,83.00,1006.30,0.00,0.10,0.00,0.00,100.00,0.00,64.00,100.00,0.00,70.31,25.48,222.71,30.55,224.05,48.83,246.08,30.24,
2019,03,19,10,2.55,81.00,1007.40,0.00,0.10,0.00,0.00,100.00,0.00,81.00,100.00,0.00,142.40,25.36,231.34,29.24,232.00,51.76,246.64,32.40,
2019,03,19,11,2.35,83.00,1008.10,0.00,0.20,0.00,0.00,100.00,0.00,100.00,100.00,0.00,140.62,23.95,227.44,27.78,227.63,52.88,248.85,28.44,
2019,03,19,12,2.27,86.00,1008.70,0.10,0.40,0.07,0.00,100.00,0.00,100.00,100.00,0.00,156.64,24.52,229.76,28.12,230.19,54.99,251.68,33.48,
2019,03,19,13,1.97,90.00,1009.40,0.30,0.50,0.21,0.00,100.00,0.00,100.00,100.00,0.00,109.47,22.26,230.91,26.14,231.71,55.90,252.38,30.24,
2019,03,19,14,2.05,90.00,1010.40,0.40,0.50,0.28,0.00,100.00,0.00,100.00,100.00,0.00,114.81,22.32,232.21,25.99,233.45,55.18,256.42,32.04,
2019,03,19,15,4.83,70.00,1013.80,0.00,0.10,0.00,0.00,100.00,0.00,35.00,100.00,0.00,274.12,23.51,258.52,25.42,257.74,48.58,258.02,28.08,
2019,03,19,16,3.97,76.00,1014.20,0.10,0.20,0.07,0.00,100.00,0.00,49.00,100.00,0.00,222.50,23.98,262.23,26.88,262.30,54.17,265.43,31.32,
2019,03,19,17,3.39,78.00,1015.10,0.20,0.20,0.14,0.00,100.00,0.00,62.00,100.00,0.00,138.84,25.22,267.55,29.18,267.88,52.87,276.25,33.12,
2019,03,19,18,2.99,79.00,1016.20,0.20,0.30,0.14,0.00,100.00,0.00,71.00,100.00,0.00,115.70,25.21,271.64,29.91,272.76,52.10,281.15,30.96,
2019,03,19,19,2.09,84.00,1017.30,0.20,0.30,0.14,0.00,100.00,0.00,61.00,100.00,0.00,56.96,24.58,275.04,29.70,276.26,50.32,289.21,32.04,
2019,03,19,20,1.28,90.00,1018.40,0.20,0.40,0.14,0.28,100.00,0.00,34.00,100.00,0.00,7.12,22.78,275.44,27.55,276.75,46.80,292.62,28.08,
2019,03,19,21,0.88,90.00,1019.10,0.10,0.20,0.07,0.14,100.00,0.00,0.00,100.00,0.00,0.00,31.31,278.60,35.69,278.70,46.24,294.37,35.28,
2019,03,19,22,0.23,89.00,1020.10,0.00,0.10,0.00,0.07,100.00,0.00,0.00,100.00,0.00,0.00,31.70,285.14,34.42,285.78,40.95,284.77,34.92,
2019,03,19,23,-0.19,89.00,1021.00,0.00,0.10,0.00,0.07,100.00,0.00,0.00,100.00,0.00,0.00,28.47,279.46,30.30,279.57,38.62,286.24,33.12,
2019,03,20,00,-0.25,90.00,1021.60,0.00,0.00,0.00,0.00,100.00,0.00,0.00,100.00,0.00,0.00,27.38,272.26,29.56,272.79,39.48,294.23,31.68,
2019,03,20,01,-0.33,90.00,1022.20,0.00,0.00,0.00,0.00,100.00,0.00,0.00,100.00,0.00,0.00,28.16,274.40,31.09,275.31,42.02,297.00,32.76,
2019,03,20,02,-0.40,91.00,1023.20,0.00,0.00,0.00,0.00,100.00,0.00,0.00,100.00,0.00,0.00,26.58,278.57,28.77,278.64,43.82,298.46,32.04,
2019,03,20,03,-0.45,92.00,1023.50,0.00,0.00,0.00,0.00,100.00,0.00,0.00,100.00,0.00,0.00,23.18,276.24,26.12,277.13,45.14,299.63,29.16,
2019,03,20,04,-0.69,94.00,1023.30,0.00,0.00,0.00,0.00,100.00,0.00,0.00,100.00,0.00,0.00,18.72,268.90,24.88,273.32,47.11,300.29,25.92,
2019,03,20,05,-1.07,94.00,1023.90,0.00,0.00,0.00,0.00,72.00,0.00,0.00,72.00,0.00,0.00,16.81,260.13,24.14,267.44,46.62,300.13,24.84,
2019,03,20,06,-1.68,95.00,1024.20,0.00,0.00,0.00,0.00,100.00,0.00,0.00,100.00,0.00,0.00,21.61,259.44,24.93,265.03,47.07,299.31,34.20,
2019,03,20,07,-1.44,95.00,1024.40,0.00,0.00,0.00,0.00,100.00,0.00,0.00,100.00,0.00,0.00,21.22,255.26,24.01,257.01,45.57,297.78,33.12,
2019,03,20,08,-1.35,94.00,1024.50,0.00,0.00,0.00,0.00,100.00,0.00,0.00,100.00,0.00,7.12,20.39,249.33,21.97,251.86,44.11,296.15,29.88,
2019,03,20,09,-0.74,92.00,1024.80,0.00,0.00,0.00,0.00,100.00,0.00,0.00,100.00,0.00,90.78,21.58,242.15,22.86,243.84,41.22,289.38,31.32,
2019,03,20,10,0.66,84.00,1024.50,0.00,0.00,0.00,0.00,16.00,0.00,16.00,0.00,0.00,250.98,23.69,233.65,23.98,234.16,37.35,280.55,30.96,
2019,03,20,11,3.75,65.00,1024.30,0.00,0.00,0.00,0.00,100.00,11.00,100.00,0.00,49.79,379.14,26.80,239.30,27.70,242.10,36.36,270.00,29.88,
2019,03,20,12,5.51,52.00,1024.20,0.00,0.00,0.00,0.00,100.00,7.00,100.00,0.00,0.00,444.11,35.70,248.09,37.17,248.40,41.12,273.51,37.44,
2019,03,20,13,6.74,47.00,1023.60,0.00,0.00,0.00,0.00,74.00,20.00,74.00,0.00,0.00,520.65,37.50,248.61,39.11,248.39,51.14,271.61,41.76,
2019,03,20,14,7.80,46.00,1023.50,0.00,0.00,0.00,0.00,79.00,21.00,79.00,1.00,12.77,490.39,45.00,246.92,47.74,246.91,58.81,258.35,47.52,
2019,03,20,15,8.56,42.00,1023.20,0.00,0.00,0.00,0.00,88.00,0.00,88.00,2.00,9.57,508.19,26.87,237.59,29.96,237.26,43.80,242.59,32.40,
2019,03,20,16,8.95,41.00,1022.30,0.00,0.00,0.00,0.00,100.00,0.00,100.00,100.00,3.83,431.65,28.88,234.13,33.27,234.25,47.91,239.77,36.36,
2019,03,20,17,8.35,44.00,1022.10,0.00,0.00,0.00,0.00,100.00,0.00,100.00,100.00,0.00,245.64,30.17,234.22,36.16,234.73,53.96,241.73,41.76,
2019,03,20,18,8.11,49.00,1021.70,0.00,0.00,0.00,0.00,100.00,0.00,100.00,100.00,0.00,145.96,29.02,226.01,35.14,226.66,60.70,244.35,41.04,
2019,03,20,19,7.33,56.00,1021.10,0.00,0.00,0.00,0.00,100.00,0.00,1.00,100.00,0.00,71.20,31.90,229.12,39.87,230.13,71.81,247.29,47.88,
2019,03,20,20,6.12,74.00,1020.30,0.60,0.20,0.00,0.00,100.00,20.00,0.00,100.00,0.00,5.34,31.06,235.39,38.94,236.31,81.62,265.45,44.64,
2019,03,20,21,5.36,83.00,1020.60,0.70,0.80,0.00,0.00,100.00,100.00,87.00,100.00,0.00,0.00,30.09,248.96,37.12,250.16,68.68,290.24,39.96,
2019,03,20,22,4.89,85.00,1020.90,0.20,0.20,0.00,0.00,100.00,100.00,44.00,100.00,0.00,0.00,27.42,256.33,33.97,257.14,61.20,298.07,46.44,
2019,03,20,23,4.79,86.00,1021.00,0.00,0.00,0.00,0.00,100.00,98.00,41.00,100.00,0.00,0.00,22.78,264.56,28.48,267.10,60.29,310.16,33.12,
2019,03,21,00,4.70,88.00,1021.70,0.00,0.00,0.00,0.00,100.00,34.00,14.00,100.00,0.00,0.00,19.44,270.00,24.85,271.66,57.83,317.27,30.96,
2019,03,21,01,3.37,94.00,1022.20,0.00,0.00,0.00,0.00,0.00,0.00,0.00,0.00,0.00,0.00,18.01,267.71,24.84,270.83,51.68,315.28,27.36,
2019,03,21,02,2.74,95.00,1022.70,0.00,0.00,0.00,0.00,0.00,0.00,0.00,0.00,0.00,0.00,15.86,267.40,23.42,272.64,49.64,314.71,27.00,
2019,03,21,03,2.16,95.00,1023.20,0.00,0.00,0.00,0.00,3.60,12.00,0.00,0.00,0.00,0.00,14.26,259.82,22.32,269.08,47.95,311.35,22.32,
2019,03,21,04,1.50,96.00,1023.20,0.00,0.00,0.00,0.00,21.00,13.00,0.00,21.00,0.00,0.00,13.36,255.96,21.67,265.24,48.97,311.42,24.12,
2019,03,21,05,1.00,97.00,1023.50,0.00,0.00,0.00,0.00,45.00,15.00,40.00,45.00,0.00,0.00,12.07,252.65,21.43,262.28,50.55,307.77,22.68,
2019,03,21,06,1.16,96.00,1023.90,0.00,0.00,0.00,0.00,100.00,14.00,0.00,100.00,0.00,0.00,12.73,241.26,17.53,250.82,47.17,306.00,22.68,
2019,03,21,07,0.86,96.00,1023.90,0.00,0.00,0.00,0.00,100.00,11.00,88.00,100.00,0.00,0.00,12.39,234.46,15.19,238.57,46.44,302.33,22.68,
2019,03,21,08,1.25,95.00,1024.20,0.00,0.00,0.00,0.00,100.00,6.00,94.00,100.00,0.00,10.68,12.74,227.29,16.49,233.88,45.41,297.38,23.76,
2019,03,21,09,2.56,92.00,1024.00,0.00,0.00,0.00,0.00,100.00,8.00,100.00,100.00,0.00,97.90,13.51,228.24,15.63,231.55,44.54,290.34,22.68,
2019,03,21,10,4.75,83.00,1024.30,0.00,0.00,0.00,0.00,100.00,0.00,100.00,100.00,0.00,195.80,14.69,233.97,17.67,236.63,47.14,287.33,24.48,
2019,03,21,11,6.59,77.00,1024.60,0.00,0.00,0.00,0.00,100.00,0.00,100.00,100.00,0.00,253.65,15.12,231.77,16.92,231.91,47.02,281.48,30.24,
2019,03,21,12,7.72,73.00,1023.80,0.00,0.00,0.00,0.00,100.00,2.00,100.00,100.00,0.00,233.18,17.08,235.30,19.77,236.89,43.21,280.56,26.64,
2019,03,21,13,9.79,64.00,1023.10,0.00,0.00,0.00,0.00,100.00,9.00,99.00,100.00,0.00,354.22,20.32,240.26,22.87,241.82,43.20,270.00,26.28,
2019,03,21,14,11.04,56.00,1023.40,0.00,0.00,0.00,0.00,100.00,5.00,71.00,100.00,0.00,463.69,27.10,250.60,31.31,250.52,49.07,266.21,40.68,
2019,03,21,15,10.81,55.00,1021.30,0.00,0.00,0.00,0.00,100.00,0.00,100.00,100.00,0.00,381.81,25.12,242.70,28.34,242.78,47.18,268.25,42.48,
2019,03,21,16,10.02,62.00,1020.70,0.00,0.00,0.00,0.00,100.00,0.00,100.00,100.00,0.00,255.43,23.77,237.99,27.36,237.36,43.20,270.48,32.04,
2019,03,21,17,9.46,73.00,1020.00,0.30,0.10,0.00,0.00,100.00,0.00,89.00,100.00,0.00,134.39,21.39,216.10,25.20,216.87,63.92,265.48,34.20,
2019,03,21,18,10.44,74.00,1018.60,0.00,0.30,0.00,0.00,100.00,0.00,88.00,100.00,0.00,92.56,21.31,232.55,26.66,235.45,65.21,267.79,36.36,
2019,03,21,19,9.94,76.00,1018.50,0.00,0.30,0.00,0.00,100.00,0.00,100.00,100.00,0.00,60.52,25.45,244.89,32.06,245.45,68.82,272.40,40.32,
2019,03,21,20,8.72,79.00,1018.80,0.00,0.10,0.00,0.00,100.00,7.00,87.00,100.00,0.00,8.01,27.10,253.01,33.72,253.89,62.28,282.35,39.96,
2019,03,21,21,7.28,82.00,1018.20,0.00,0.00,0.00,0.00,100.00,9.00,14.00,100.00,0.00,0.00,27.50,255.60,33.27,256.87,60.70,297.17,39.60,
2019,03,21,22,6.56,84.00,1018.80,0.00,0.00,0.00,0.00,100.00,0.00,74.00,100.00,0.00,0.00,25.51,261.07,31.21,262.71,65.56,298.54,38.52,
2019,03,21,23,6.26,87.00,1018.90,0.00,0.00,0.00,0.00,100.00,0.00,100.00,100.00,0.00,0.00,24.58,275.04,31.67,278.50,64.03,301.90,36.72,
2019,03,22,00,5.67,89.00,1019.40,0.00,0.00,0.00,0.00,100.00,0.00,78.00,100.00,0.00,0.00,26.47,292.38,35.43,295.26,60.85,313.80,36.36,
2019,03,22,01,4.86,90.00,1020.20,0.00,0.00,0.00,0.00,100.00,0.00,0.00,100.00,0.00,0.00,26.87,302.41,35.95,304.80,53.36,322.13,34.56,
2019,03,22,02,3.39,83.00,1023.30,0.00,0.00,0.00,0.00,100.00,0.00,0.00,100.00,0.00,0.00,34.30,320.96,44.71,322.85,73.29,329.28,46.08,
2019,03,22,03,2.40,78.00,1024.20,0.00,0.00,0.00,0.00,0.00,0.00,0.00,0.00,0.00,0.00,29.18,321.01,39.03,322.50,77.31,327.94,43.92,
2019,03,22,04,1.99,78.00,1025.20,0.00,0.00,0.00,0.00,100.00,0.00,0.00,100.00,0.00,0.00,28.28,312.42,37.67,315.00,76.80,321.09,43.56,
2019,03,22,05,1.46,79.00,1025.60,0.00,0.00,0.00,0.00,0.00,0.00,0.00,0.00,0.00,0.00,29.81,317.45,39.56,319.06,74.49,327.23,41.40,
2019,03,22,06,0.97,78.00,1026.70,0.00,0.00,0.00,0.00,0.00,0.00,0.00,0.00,0.00,0.00,29.53,315.99,39.25,317.97,75.52,332.46,41.04,
2019,03,22,07,0.66,78.00,1028.10,0.00,0.00,0.00,0.00,0.00,0.00,0.00,0.00,0.00,0.00,28.52,313.98,38.19,315.76,70.20,332.52,40.68,
2019,03,22,08,0.67,78.00,1028.50,0.00,0.00,0.00,0.00,0.00,0.00,0.00,0.00,40.89,16.02,27.53,311.82,36.41,313.80,71.34,332.01,37.80,
2019,03,22,09,1.22,75.00,1029.30,0.00,0.00,0.00,0.00,0.00,0.00,0.00,0.00,60.00,136.17,28.58,310.91,36.18,312.58,69.66,330.26,38.88,
2019,03,22,10,1.90,71.00,1030.70,0.00,0.00,0.00,0.00,0.00,0.00,0.00,0.00,60.00,273.23,29.87,310.60,36.98,311.45,72.03,331.00,39.24,
2019,03,22,11,2.53,68.00,1031.20,0.00,0.00,0.00,0.00,0.00,0.00,0.00,0.00,60.00,394.27,30.25,308.23,36.83,309.45,67.83,331.12,41.04,
2019,03,22,12,3.13,65.00,1031.50,0.00,0.00,0.00,0.00,0.00,0.00,0.00,0.00,60.00,487.72,30.75,308.35,36.60,309.01,66.05,331.34,39.24,
2019,03,22,13,3.71,62.00,1031.70,0.00,0.00,0.00,0.00,0.00,0.00,0.00,0.00,60.00,549.13,29.74,308.12,35.31,309.21,62.31,334.32,40.32,
2019,03,22,14,4.21,59.00,1032.40,0.00,0.00,0.00,0.00,0.00,0.00,0.00,0.00,60.00,571.38,29.02,307.44,35.08,308.75,55.09,335.28,37.80,
2019,03,22,15,5.01,60.00,1031.90,0.00,0.00,0.00,0.00,0.00,0.00,0.00,0.00,60.00,550.91,28.00,315.00,33.36,316.31,63.11,337.53,39.60,
2019,03,22,16,4.96,60.00,1031.40,0.00,0.00,0.00,0.00,0.00,0.00,0.00,0.00,60.00,493.95,27.24,315.54,32.59,315.90,59.99,341.46,39.96,
2019,03,22,17,4.72,61.00,1031.20,0.00,0.00,0.00,0.00,0.00,0.00,0.00,0.00,60.00,401.39,25.20,314.42,31.57,315.92,55.29,344.52,37.80,
2019,03,22,18,4.23,62.00,1031.80,0.00,0.00,0.00,0.00,0.00,0.00,0.00,0.00,60.00,281.24,23.93,313.78,31.06,315.00,52.30,346.06,36.72,
2019,03,22,19,3.36,66.00,1031.90,0.00,0.00,0.00,0.00,0.00,0.00,0.00,0.00,60.00,146.85,22.16,313.03,31.06,315.00,49.00,347.70,39.60,
2019,03,22,20,2.37,70.00,1031.90,0.00,0.00,0.00,0.00,0.00,0.00,0.00,0.00,42.11,20.47,19.86,313.53,29.53,315.99,43.92,349.61,37.08,
2019,03,22,21,1.88,74.00,1031.60,0.00,0.00,0.00,0.00,0.00,0.00,0.00,0.00,0.00,0.00,17.83,316.64,27.53,318.18,39.16,353.14,30.96,
2019,03,22,22,1.40,78.00,1031.90,0.00,0.00,0.00,0.00,0.00,0.00,0.00,0.00,0.00,0.00,14.77,316.97,24.25,319.21,33.55,356.31,29.88,
2019,03,22,23,0.88,83.00,1031.50,0.00,0.00,0.00,0.00,0.00,0.00,0.00,0.00,0.00,0.00,11.20,315.00,20.93,319.18,27.01,358.47,24.12,
2019,03,23,00,0.73,84.00,1031.40,0.00,0.00,0.00,0.00,0.00,0.00,0.00,0.00,0.00,0.00,8.44,309.81,18.22,322.22,20.96,355.07,17.64,
2019,03,23,01,0.80,84.00,1031.30,0.00,0.00,0.00,0.00,4.20,14.00,0.00,0.00,0.00,0.00,5.96,295.02,14.19,324.29,16.62,342.35,11.88,
2019,03,23,02,0.74,82.00,1031.30,0.00,0.00,0.00,0.00,4.80,16.00,0.00,0.00,0.00,0.00,4.68,270.00,9.73,321.01,15.12,321.77,7.20,
2019,03,23,03,0.56,79.00,1030.80,0.00,0.00,0.00,0.00,4.20,14.00,0.00,0.00,0.00,0.00,3.83,221.19,2.81,309.81,15.38,302.57,3.24,
2019,03,23,04,0.14,78.00,1030.70,0.00,0.00,0.00,0.00,0.00,0.00,0.00,0.00,0.00,0.00,5.94,194.04,4.32,180.00,17.56,285.46,6.84,
2019,03,23,05,-0.31,78.00,1030.00,0.00,0.00,0.00,0.00,0.00,0.00,0.00,0.00,0.00,0.00,7.99,187.77,11.54,183.58,21.96,270.94,13.32,
2019,03,23,06,-0.54,78.00,1029.40,0.00,0.00,0.00,0.00,27.00,0.00,0.00,27.00,0.00,0.00,9.42,173.42,19.44,178.94,25.05,262.57,19.80,
2019,03,23,07,-0.56,77.00,1029.00,0.00,0.00,0.00,0.00,0.00,0.00,0.00,0.00,0.00,0.00,11.30,170.84,25.92,180.00,28.29,255.26,25.20,
2019,03,23,08,-0.12,72.00,1028.40,0.00,0.00,0.00,0.00,0.00,0.00,0.00,0.00,43.63,18.69,14.56,171.47,27.36,180.00,30.82,247.33,31.68,
2019,03,23,09,1.88,57.00,1027.40,0.00,0.00,0.00,0.00,0.90,3.00,0.00,0.00,60.00,142.40,18.45,174.40,25.24,176.73,32.66,238.06,34.92,
2019,03,23,10,3.93,45.00,1026.90,0.00,0.00,0.00,0.00,0.30,1.00,0.00,0.00,59.43,284.80,21.97,178.12,28.08,180.00,36.74,228.97,35.64,
2019,03,23,11,5.45,42.00,1025.70,0.00,0.00,0.00,0.00,1.20,4.00,0.00,0.00,59.81,399.61,24.13,181.71,29.22,183.53,42.02,223.26,30.60,
2019,03,23,12,7.15,42.00,1024.30,0.00,0.00,0.00,0.00,3.90,13.00,0.00,0.00,59.23,485.05,26.48,187.03,31.26,187.94,48.50,220.79,33.12,
2019,03,23,13,8.73,42.00,1023.40,0.00,0.00,0.00,0.00,100.00,33.00,0.00,100.00,57.51,534.00,27.87,185.93,32.69,187.59,53.01,227.75,35.64,
2019,03,23,14,10.10,42.00,1022.60,0.00,0.00,0.00,0.00,19.00,23.00,19.00,0.00,0.00,502.85,28.77,188.64,33.62,189.87,57.93,237.69,35.28,
2019,03,23,15,10.53,58.00,1020.70,0.00,0.00,0.00,0.00,100.00,18.00,6.00,100.00,47.87,309.72,29.91,219.63,35.77,220.10,65.57,238.93,38.52,
2019,03,23,16,10.29,63.00,1019.50,0.00,0.00,0.00,0.00,100.00,25.00,40.00,100.00,0.00,260.77,30.38,220.67,36.74,221.03,63.25,248.99,38.88,
2019,03,23,17,10.13,67.00,1019.40,0.00,0.00,0.00,0.00,100.00,37.00,100.00,100.00,0.00,153.08,27.30,221.26,33.39,221.94,57.40,258.06,36.72,
2019,03,23,18,9.75,70.00,1018.60,0.00,0.00,0.00,0.00,100.00,49.00,100.00,100.00,0.00,76.54,25.71,225.57,32.08,225.91,61.82,255.15,37.44,
2019,03,23,19,9.15,76.00,1017.60,0.00,0.00,0.00,0.00,100.00,18.00,100.00,100.00,0.00,27.59,22.04,231.63,28.23,232.25,64.17,256.04,34.20,
2019,03,23,20,8.47,79.00,1017.60,0.10,0.10,0.00,0.00,100.00,1.00,100.00,100.00,0.00,4.45,21.97,251.86,28.01,252.03,55.45,271.12,34.56,
2019,03,23,21,6.97,82.00,1017.50,0.00,0.10,0.00,0.00,100.00,12.00,2.00,100.00,0.00,0.00,22.69,271.82,28.12,272.94,46.00,287.30,28.80,
2019,03,23,22,5.57,87.00,1017.80,0.00,0.00,0.00,0.00,8.10,27.00,0.00,0.00,0.00,0.00,19.80,270.00,25.56,270.81,49.76,295.27,28.80,
2019,03,23,23,4.45,93.00,1018.00,0.00,0.00,0.00,0.00,6.90,23.00,0.00,0.00,0.00,0.00,16.24,257.20,22.61,260.84,50.94,302.01,27.00,
2019,03,24,00,3.63,95.00,1018.20,0.00,0.00,0.00,0.00,6.00,20.00,0.00,0.00,0.00,0.00,16.28,251.97,22.18,256.87,56.56,301.46,26.28,
2019,03,24,01,2.86,95.00,1017.60,0.00,0.00,0.00,0.00,0.00,0.00,0.00,0.00,0.00,0.00,16.24,257.20,23.62,262.12,57.92,300.23,29.52,
2019,03,24,02,2.25,94.00,1018.00,0.00,0.00,0.00,0.00,0.00,0.00,0.00,0.00,0.00,0.00,17.23,259.16,24.58,264.96,58.11,303.89,30.60,
2019,03,24,03,1.70,92.00,1018.60,0.00,0.00,0.00,0.00,0.00,0.00,0.00,0.00,0.00,0.00,18.18,262.03,25.96,266.82,50.93,313.28,27.72,
2019,03,24,04,1.10,89.00,1017.70,0.00,0.00,0.00,0.00,0.00,0.00,0.00,0.00,0.00,0.00,19.20,263.54,27.01,268.47,47.86,314.39,26.28,
2019,03,24,05,0.75,87.00,1018.10,0.00,0.00,0.00,0.00,0.00,0.00,0.00,0.00,0.00,0.00,19.88,264.81,28.08,270.00,44.81,314.35,29.16,
2019,03,24,06,0.76,86.00,1018.50,0.00,0.00,0.00,0.00,0.00,0.00,0.00,0.00,0.00,0.00,20.88,269.01,29.91,272.76,45.82,315.64,27.36,
2019,03,24,07,0.78,86.00,1017.80,0.00,0.00,0.00,0.00,0.00,0.00,0.00,0.00,0.00,0.00,21.61,271.91,30.81,276.71,47.36,313.77,29.16,
2019,03,24,08,1.16,85.00,1018.10,0.00,0.00,0.00,0.00,0.00,0.00,0.00,0.00,46.36,22.25,22.03,274.69,30.24,278.90,45.36,312.43,33.84,
2019,03,24,09,2.29,80.00,1018.10,0.00,0.00,0.00,0.00,0.00,0.00,0.00,0.00,60.00,146.85,23.38,279.75,30.39,283.71,43.78,315.00,29.16,
2019,03,24,10,3.47,74.00,1018.50,0.00,0.00,0.00,0.00,0.00,0.00,0.00,0.00,60.00,283.91,24.83,286.86,30.40,288.65,40.74,313.57,29.52,
2019,03,24,11,4.51,69.00,1019.00,0.00,0.00,0.00,0.00,0.00,0.00,0.00,0.00,60.00,403.17,25.07,291.04,29.69,292.83,38.54,310.83,29.52,
2019,03,24,12,5.47,63.00,1018.70,0.00,0.00,0.00,0.00,0.00,0.00,0.00,0.00,60.00,496.62,25.12,295.46,29.95,297.18,37.01,307.09,29.16,
2019,03,24,13,6.04,59.00,1018.30,0.00,0.00,0.00,0.00,0.00,0.00,0.00,0.00,60.00,556.25,24.51,299.95,28.59,301.09,35.38,301.26,28.44,
2019,03,24,14,6.41,56.00,1019.20,0.00,0.00,0.00,0.00,0.00,0.00,0.00,0.00,60.00,577.61,22.86,303.44,26.46,303.91,37.72,293.63,27.00,
2019,03,24,15,7.00,49.00,1017.20,0.00,0.00,0.00,0.00,0.00,0.00,0.00,0.00,60.00,561.59,23.33,308.11,27.66,308.66,48.46,296.95,29.52,
2019,03,24,16,7.07,47.00,1016.80,0.00,0.00,0.00,0.00,8.00,14.00,8.00,0.00,60.00,504.63,20.66,311.47,25.26,310.96,45.95,293.55,29.52,
2019,03,24,17,7.09,44.00,1016.30,0.00,0.00,0.00,0.00,19.00,21.00,19.00,0.00,54.89,415.63,17.38,309.96,20.97,309.43,43.79,291.71,23.76,
2019,03,24,18,7.12,42.00,1016.10,0.00,0.00,0.00,0.00,4.00,11.00,4.00,0.00,47.87,297.26,11.61,299.74,14.39,301.70,41.34,286.70,20.52,
2019,03,24,19,6.76,43.00,1015.20,0.00,0.00,0.00,0.00,0.00,0.00,0.00,0.00,57.45,159.31,7.56,270.00,10.11,274.09,37.78,277.67,16.92,
2019,03,24,20,5.90,47.00,1014.90,0.00,0.00,0.00,0.00,0.00,0.00,0.00,0.00,46.37,25.81,9.18,228.18,15.95,241.70,35.46,275.83,18.36,
2019,03,24,21,4.78,47.00,1014.20,0.00,0.00,0.00,0.00,0.90,3.00,0.00,0.00,0.00,0.00,12.10,233.47,25.12,244.54,40.55,276.12,25.20,
2019,03,24,22,3.76,51.00,1013.50,0.00,0.00,0.00,0.00,18.00,17.00,18.00,0.00,0.00,0.00,15.31,228.81,27.91,239.80,41.07,272.01,23.40,
2019,03,24,23,2.79,58.00,1012.90,0.00,0.00,0.00,0.00,88.00,21.00,88.00,0.00,0.00,0.00,15.79,226.85,27.16,235.26,37.83,272.18,33.84,
2019,03,25,00,2.61,62.00,1012.40,0.00,0.00,0.00,0.00,100.00,23.00,100.00,0.00,0.00,0.00,15.04,222.09,24.25,229.21,36.22,263.72,28.80,
2019,03,25,01,2.54,65.00,1011.80,0.00,0.00,0.00,0.00,100.00,19.00,100.00,23.00,0.00,0.00,15.08,213.31,23.23,220.60,37.49,258.37,22.68,
2019,03,25,02,2.45,67.00,1011.20,0.00,0.00,0.00,0.00,100.00,0.00,100.00,100.00,0.00,0.00,15.68,211.87,23.33,218.11,36.58,259.80,24.12,
2019,03,25,03,2.29,71.00,1010.30,0.00,0.00,0.00,0.00,100.00,0.00,100.00,53.00,0.00,0.00,15.63,208.93,22.47,215.22,29.53,260.88,19.44,
2019,03,25,04,2.03,77.00,1009.30,0.00,0.00,0.00,0.00,100.00,0.00,100.00,76.00,0.00,0.00,15.50,210.74,21.77,214.22,24.86,259.99,18.36,
2019,03,25,05,1.51,85.00,1008.90,0.00,0.00,0.00,0.00,79.00,0.00,79.00,68.00,0.00,0.00,15.04,222.09,21.89,225.00,25.51,261.07,19.08,
2019,03,25,06,1.69,92.00,1008.00,0.00,0.00,0.00,0.00,100.00,0.00,95.00,100.00,0.00,0.00,15.86,230.53,20.02,232.31,23.62,262.12,19.08,
2019,03,25,07,1.50,96.00,1007.70,0.00,0.00,0.00,0.00,100.00,0.00,80.00,100.00,0.00,0.00,12.98,223.88,17.85,228.27,23.04,269.10,18.00,
2019,03,25,08,1.82,95.00,1006.80,0.00,0.00,0.00,0.00,100.00,0.00,50.00,100.00,0.00,16.02,11.30,217.23,15.27,225.00,24.84,270.00,16.56,
2019,03,25,09,2.32,93.00,1006.10,0.00,0.00,0.00,0.00,100.00,0.00,100.00,100.00,0.00,46.28,12.31,217.87,15.78,225.00,21.24,270.97,18.72,
2019,03,25,10,5.04,78.00,1006.90,0.00,0.00,0.00,0.00,100.00,12.00,100.00,48.00,0.00,197.58,12.50,221.50,13.49,223.92,21.96,270.94,15.12,
2019,03,25,11,5.63,74.00,1006.10,0.00,0.00,0.00,0.00,67.00,15.00,67.00,65.00,0.00,342.65,13.00,228.37,13.28,229.40,21.25,259.26,15.84,
2019,03,25,12,5.84,70.00,1005.70,0.10,0.00,0.00,0.00,100.00,16.00,74.00,100.00,17.23,145.96,11.75,229.97,12.77,229.57,24.64,258.20,16.92,
2019,03,25,13,6.59,63.00,1006.10,0.10,0.20,0.00,0.00,100.00,15.00,100.00,100.00,0.00,222.50,14.41,257.01,14.76,257.32,21.05,257.15,17.64,
2019,03,25,14,5.41,74.00,1006.50,0.30,0.10,0.00,0.00,100.00,12.00,100.00,100.00,0.00,202.03,12.60,270.00,11.88,270.00,22.55,245.48,16.20,
2019,03,25,15,5.68,64.00,1006.50,0.00,0.00,0.00,0.00,68.00,0.00,29.00,68.00,0.00,184.23,15.48,287.59,16.74,288.82,28.55,293.01,19.08,
2019,03,25,16,5.52,65.00,1006.70,0.00,0.00,0.00,0.00,36.00,0.00,36.00,31.00,16.60,227.84,14.58,290.22,16.65,291.57,28.69,293.67,19.08,
2019,03,25,17,5.86,63.00,1006.80,0.00,0.00,0.00,0.00,34.00,0.00,27.00,34.00,37.02,133.50,15.70,306.61,18.58,305.54,29.65,299.05,20.88,
2019,03,25,18,4.70,72.00,1006.90,0.00,0.00,0.00,0.00,100.00,0.00,16.00,100.00,38.30,153.08,17.43,321.71,20.19,320.06,31.30,300.40,20.88,
2019,03,25,19,3.46,82.00,1007.50,0.00,0.00,0.00,0.00,100.00,0.00,0.00,100.00,0.00,117.48,18.09,317.42,23.44,317.49,31.45,303.33,28.80,
2019,03,25,20,2.19,87.00,1006.70,0.00,0.00,0.00,0.00,100.00,0.00,44.00,100.00,0.00,16.91,20.02,307.69,26.60,309.51,26.99,313.92,34.92,
2019,03,25,21,0.81,91.00,1007.40,0.10,0.00,0.07,0.00,100.00,0.00,100.00,100.00,0.00,0.00,31.83,322.35,37.08,323.69,32.69,306.49,41.04,
2019,03,25,22,0.64,88.00,1008.30,0.00,0.00,0.00,0.00,76.00,0.00,0.00,76.00,0.00,0.00,28.02,312.92,31.60,312.23,48.00,335.16,34.20,
2019,03,25,23,-0.39,85.00,1008.00,0.00,0.00,0.00,0.00,0.00,0.00,0.00,0.00,0.00,0.00,33.86,313.71,40.99,316.07,48.31,332.48,41.76,
2019,03,26,00,-0.62,86.00,1008.40,0.00,0.00,0.00,0.00,0.00,0.00,0.00,0.00,0.00,0.00,35.70,311.73,42.04,312.57,47.21,331.28,38.88,
2019,03,26,01,-0.61,87.00,1009.10,0.00,0.00,0.00,0.00,0.00,0.00,0.00,0.00,0.00,0.00,35.54,309.66,42.10,311.19,46.86,328.51,38.88,
2019,03,26,02,-0.63,88.00,1009.00,0.00,0.00,0.00,0.00,0.00,0.00,0.00,0.00,0.00,0.00,35.28,306.29,42.06,308.05,47.74,327.63,38.52,
2019,03,26,03,-0.63,88.00,1008.80,0.00,0.00,0.00,0.00,6.00,0.00,6.00,0.00,0.00,0.00,34.78,306.16,41.55,307.96,48.84,327.95,38.52,
2019,03,26,04,-0.40,87.00,1009.00,0.00,0.00,0.00,0.00,100.00,0.00,100.00,0.00,0.00,0.00,32.95,303.86,39.25,305.29,47.34,325.22,37.44,
2019,03,26,05,-0.25,86.00,1008.80,0.00,0.00,0.00,0.00,100.00,0.00,100.00,67.00,0.00,0.00,31.12,299.83,36.98,301.06,47.59,323.30,39.24,
2019,03,26,06,-0.12,85.00,1009.40,0.00,0.00,0.00,0.00,100.00,0.00,100.00,100.00,0.00,0.00,27.71,294.57,34.61,296.57,50.85,324.51,34.92,
2019,03,26,07,0.04,84.00,1008.60,0.00,0.00,0.00,0.00,100.00,0.00,100.00,100.00,0.00,0.00,25.86,286.16,33.36,288.24,48.58,320.41,32.40,
2019,03,26,08,0.63,82.00,1007.80,0.00,0.10,0.00,0.07,100.00,0.00,100.00,100.00,0.00,21.36,27.47,280.57,32.92,283.28,39.23,317.23,32.76,
2019,03,26,09,1.07,81.00,1007.90,0.00,0.60,0.00,0.42,100.00,0.00,100.00,100.00,0.00,118.37,31.90,286.39,34.38,287.68,23.44,317.49,32.04,
2019,03,26,10,-0.07,94.00,1008.40,0.40,0.50,0.28,0.00,100.00,0.00,100.00,100.00,0.00,76.54,18.00,286.26,19.59,290.43,11.79,301.26,19.44,
2019,03,26,11,0.19,93.00,1007.90,0.70,0.30,0.49,0.00,100.00,0.00,70.00,100.00,0.00,86.33,7.73,332.24,8.56,337.75,4.51,298.61,6.84,
2019,03,26,12,0.19,91.00,1008.00,1.00,0.20,0.70,0.00,100.00,0.00,41.00,100.00,0.00,128.16,9.50,24.62,9.50,24.62,1.30,56.31,8.28,
2019,03,26,13,1.39,77.00,1008.30,0.50,0.00,0.35,0.00,100.00,0.00,21.00,100.00,0.00,269.67,9.23,20.56,9.23,20.56,6.92,51.34,9.00,
2019,03,26,14,3.00,61.00,1008.30,0.20,0.00,0.14,0.00,64.00,0.00,32.00,64.00,0.00,513.53,11.16,360.00,10.81,1.91,12.56,27.30,12.60,
2019,03,26,15,4.05,69.00,1007.10,0.50,0.30,0.35,0.00,100.00,0.00,1.00,100.00,19.15,291.92,7.20,53.13,6.70,53.75,10.04,14.53,9.00,
2019,03,26,16,4.52,63.00,1007.50,0.30,0.00,0.21,0.00,44.00,0.00,0.00,44.00,0.00,197.58,15.73,15.95,15.73,15.95,18.19,27.07,16.20,
2019,03,26,17,4.02,69.00,1008.60,0.10,0.00,0.00,0.00,10.00,0.00,0.00,10.00,31.91,156.64,22.37,3.69,23.86,5.19,25.15,13.24,23.04,
2019,03,26,18,3.85,65.00,1010.30,0.00,0.00,0.00,0.00,10.00,0.00,0.00,10.00,53.62,206.48,25.07,15.83,28.92,18.89,39.84,32.83,27.36,
2019,03,26,19,2.62,72.00,1010.90,0.00,0.00,0.00,0.00,0.00,0.00,0.00,0.00,53.62,105.02,21.92,345.74,26.02,345.58,40.16,5.66,31.68,
2019,03,26,20,1.02,79.00,1011.80,0.00,0.00,0.00,0.00,0.00,0.00,0.00,0.00,50.62,32.04,18.84,333.92,23.69,335.77,45.02,1.83,31.32,
2019,03,26,21,0.76,78.00,1012.80,0.00,0.00,0.00,0.00,0.00,0.00,0.00,0.00,0.00,0.00,20.39,339.33,27.94,345.07,41.78,1.97,24.84,
2019,03,26,22,0.91,63.00,1013.80,0.00,0.00,0.00,0.00,0.00,0.00,0.00,0.00,0.00,0.00,24.25,354.04,33.15,357.51,38.18,1.62,28.80,
2019,03,26,23,0.57,62.00,1015.20,0.00,0.00,0.00,0.00,0.00,0.00,0.00,0.00,0.00,0.00,20.67,353.00,27.42,356.24,40.32,0.51,25.56,
2019,03,27,00,0.40,64.00,1016.20,0.00,0.00,0.00,0.00,0.00,0.00,0.00,0.00,0.00,0.00,18.79,343.30,25.50,346.94,41.62,5.96,25.20,
2019,03,27,01,0.24,69.00,1016.90,0.00,0.00,0.00,0.00,0.00,0.00,0.00,0.00,0.00,0.00,19.72,338.59,26.42,342.55,39.28,2.63,25.56,
2019,03,27,02,0.09,74.00,1017.90,0.00,0.00,0.00,0.00,0.00,0.00,0.00,0.00,0.00,0.00,18.95,345.70,24.80,350.81,35.71,3.47,22.68,
2019,03,27,03,-0.10,76.00,1018.50,0.00,0.00,0.00,0.00,0.00,0.00,0.00,0.00,0.00,0.00,15.89,346.91,21.49,351.33,27.00,359.24,19.44,
2019,03,27,04,-0.24,77.00,1019.30,0.00,0.00,0.00,0.00,0.00,0.00,0.00,0.00,0.00,0.00,13.38,336.19,18.90,342.26,25.23,345.96,19.80,
2019,03,27,05,-0.38,80.00,1020.10,0.00,0.00,0.00,0.00,0.00,0.00,0.00,0.00,0.00,0.00,11.68,326.31,16.90,333.43,28.01,342.03,16.56,
2019,03,27,06,-0.63,84.00,1019.90,0.00,0.00,0.00,0.00,22.00,0.00,22.00,0.00,0.00,0.00,9.42,313.45,14.62,322.00,28.70,340.20,14.04,
2019,03,27,07,-0.84,89.00,1020.40,0.00,0.00,0.00,0.00,18.00,0.00,18.00,0.00,0.00,0.00,8.40,300.96,13.32,308.42,28.66,334.72,12.96,
2019,03,27,08,-0.44,88.00,1021.30,0.00,0.00,0.00,0.00,33.00,0.00,33.00,0.00,44.11,38.27,7.17,287.53,11.75,297.35,27.24,330.72,10.44,
2019,03,27,09,0.63,80.00,1021.10,0.00,0.00,0.00,0.00,46.00,0.00,46.00,0.00,38.94,176.22,6.84,270.00,6.85,273.01,24.57,325.15,10.44,
2019,03,27,10,1.92,64.00,1021.80,0.00,0.00,0.00,0.00,59.00,0.00,59.00,0.00,30.64,308.83,9.06,263.16,8.71,262.87,21.13,315.69,12.24,
2019,03,27,11,2.92,50.00,1022.30,0.00,0.00,0.00,0.00,68.00,0.00,68.00,0.00,22.34,421.86,11.52,270.00,11.16,270.00,17.87,304.33,13.32,
2019,03,27,12,3.77,43.00,1022.10,0.00,0.00,0.00,0.00,52.00,0.00,52.00,0.00,16.60,509.08,12.24,270.00,11.88,270.00,17.06,277.28,13.32,
2019,03,27,13,4.87,40.00,1022.10,0.00,0.00,0.00,0.00,49.00,0.00,36.00,49.00,26.81,569.60,11.79,257.66,11.09,256.87,17.11,255.38,15.48,
2019,03,27,14,5.84,37.00,1022.50,0.00,0.00,0.00,0.00,55.00,0.00,43.00,55.00,28.72,583.84,12.76,253.61,12.66,255.17,17.19,250.43,18.00,
2019,03,27,15,5.34,46.00,1022.30,0.00,0.00,0.00,0.00,45.00,0.00,0.00,45.00,24.89,567.82,11.12,330.95,10.50,329.04,25.14,299.13,14.04,
2019,03,27,16,5.66,46.00,1021.60,0.00,0.00,0.00,0.00,12.00,0.00,0.00,12.00,31.28,509.08,9.23,339.44,8.23,336.80,23.45,287.88,11.16,
2019,03,27,17,5.89,48.00,1021.80,0.00,0.00,0.00,0.00,54.00,0.00,0.00,54.00,52.34,419.19,5.09,351.87,4.10,344.74,20.97,281.89,8.64,
2019,03,27,18,6.00,49.00,1022.00,0.00,0.00,0.00,0.00,52.00,0.00,0.00,52.00,25.53,302.60,1.14,18.43,0.51,45.00,18.06,274.57,10.80,
2019,03,27,19,5.82,50.00,1021.80,0.00,0.00,0.00,0.00,57.00,0.00,0.00,57.00,26.81,171.77,3.08,110.56,2.81,129.81,11.18,255.07,18.36,
2019,03,27,20,5.57,51.00,1022.10,0.00,0.00,0.00,0.00,100.00,0.00,0.00,100.00,20.76,37.38,5.15,114.78,5.19,123.69,8.65,225.00,19.08,
2019,03,27,21,5.34,53.00,1022.40,0.00,0.00,0.00,0.00,100.00,0.00,0.00,100.00,0.00,0.00,4.02,116.57,3.83,138.81,11.99,228.65,15.12,
2019,03,27,22,4.99,55.00,1022.50,0.00,0.00,0.00,0.00,100.00,0.00,13.00,100.00,0.00,0.00,5.86,132.51,7.24,153.43,14.37,247.93,14.04,
2019,03,27,23,4.48,57.00,1023.50,0.00,0.00,0.00,0.00,100.00,9.00,25.00,100.00,0.00,0.00,7.15,139.09,9.83,156.25,12.18,288.97,13.32,
2019,03,28,00,3.94,62.00,1024.10,0.00,0.00,0.00,0.00,63.00,5.00,18.00,63.00,0.00,0.00,7.41,150.95,11.66,171.12,14.51,313.99,15.48,
2019,03,28,01,3.28,68.00,1024.30,0.00,0.00,0.00,0.00,22.00,0.00,22.00,22.00,0.00,0.00,8.56,157.75,16.60,167.47,16.68,302.66,14.04,
2019,03,28,02,2.64,76.00,1024.70,0.00,0.00,0.00,0.00,72.00,0.00,0.00,72.00,0.00,0.00,9.18,168.69,18.49,173.29,16.87,303.69,16.92,
2019,03,28,03,2.18,81.00,1024.90,0.00,0.00,0.00,0.00,83.00,0.00,0.00,83.00,0.00,0.00,8.31,175.03,18.84,186.58,16.90,296.57,19.08,
2019,03,28,04,1.85,83.00,1025.10,0.00,0.00,0.00,0.00,80.00,0.00,0.00,80.00,0.00,0.00,7.21,182.86,18.92,201.19,15.18,292.31,20.16,
2019,03,28,05,1.51,84.00,1025.00,0.00,0.00,0.00,0.00,68.00,0.00,0.00,68.00,0.00,0.00,5.96,205.02,17.38,219.96,15.79,294.23,18.00,
2019,03,28,06,0.74,88.00,1025.70,0.00,0.00,0.00,0.00,7.00,0.00,0.00,7.00,0.00,0.00,5.50,238.39,12.41,253.14,17.58,304.99,11.88,
2019,03,28,07,-0.07,93.00,1026.70,0.00,0.00,0.00,0.00,0.00,0.00,0.00,0.00,0.00,0.00,6.49,273.18,13.78,303.27,19.96,320.86,16.92,
2019,03,28,08,0.29,92.00,1026.70,0.00,0.00,0.00,0.00,0.00,0.00,0.00,0.00,57.29,37.38,7.90,300.07,15.48,324.46,24.25,341.83,16.92,
2019,03,28,09,1.95,84.00,1026.80,0.00,0.00,0.00,0.00,0.00,0.00,0.00,0.00,60.00,170.88,9.16,315.00,11.97,313.78,26.31,343.30,16.56,
2019,03,28,10,3.43,80.00,1027.90,0.00,0.00,0.00,0.00,0.00,0.00,0.00,0.00,60.00,306.16,9.59,304.29,9.59,304.29,28.64,345.44,14.76,
2019,03,28,11,4.77,75.00,1028.00,0.00,0.00,0.00,0.00,0.00,0.00,0.00,0.00,60.00,422.75,10.00,300.26,9.20,300.58,30.15,348.29,14.40,
2019,03,28,12,6.20,67.00,1028.10,0.00,0.00,0.00,0.00,0.00,0.00,0.00,0.00,60.00,512.64,10.50,292.17,10.03,291.04,27.78,341.10,15.12,
2019,03,28,13,7.75,61.00,1028.30,0.00,0.00,0.00,0.00,1.80,6.00,0.00,0.00,60.00,569.60,11.97,291.16,12.30,290.56,27.48,338.48,16.92,
2019,03,28,14,8.90,58.00,1028.80,0.00,0.00,0.00,0.00,60.00,9.00,2.00,60.00,58.85,588.29,14.01,295.91,14.34,298.50,25.50,329.45,18.36,
2019,03,28,15,10.74,49.00,1027.40,0.00,0.00,0.00,0.00,9.00,7.00,4.00,9.00,21.70,566.93,12.96,268.41,12.96,268.41,31.62,292.77,18.72,
2019,03,28,16,11.53,48.00,1026.50,0.00,0.00,0.00,0.00,62.00,11.00,62.00,2.00,54.26,494.84,15.39,259.22,16.10,259.70,30.02,275.51,21.60,
2019,03,28,17,12.02,47.00,1026.40,0.00,0.00,0.00,0.00,100.00,19.00,100.00,10.00,20.43,383.59,18.00,270.00,20.16,270.00,32.40,270.00,23.04,
2019,03,28,18,11.93,48.00,1026.40,0.00,0.00,0.00,0.00,92.00,9.00,92.00,10.00,0.00,281.24,17.52,279.46,20.27,282.31,36.78,273.37,23.40,
2019,03,28,19,11.16,50.00,1026.50,0.00,0.00,0.00,0.00,100.00,13.00,100.00,0.00,1.28,166.43,15.58,276.63,20.36,278.13,37.48,272.75,21.60,
2019,03,28,20,9.82,54.00,1026.00,0.00,0.00,0.00,0.00,51.00,3.00,51.00,0.00,0.00,40.05,14.97,260.31,22.86,262.76,38.16,269.46,21.96,
2019,03,28,21,8.62,57.00,1025.80,0.00,0.00,0.00,0.00,37.00,0.00,37.00,0.00,0.00,0.00,17.08,251.57,26.31,253.30,44.29,270.93,25.92,
2019,03,28,22,7.36,62.00,1025.90,0.00,0.00,0.00,0.00,19.00,0.00,19.00,0.00,0.00,0.00,19.05,247.80,27.90,250.40,49.13,278.43,32.76,
2019,03,28,23,6.34,66.00,1026.00,0.00,0.00,0.00,0.00,68.00,0.00,0.00,68.00,0.00,0.00,20.29,242.53,28.19,245.07,50.39,285.33,31.32,